,Filename,rPEF,rFEV1,rFVC
0,P3_Rohit.json,13.013085481953432,1.125593135912813,1.3718557846175548
